c,trun,f,value,scenario
ksa,2015,HFO,390.5919,A
ksa,2015,diesel,451.5337242,A
ksa,2015,NG,1250.51076156,A
ksa,2015,Arablight,1447.5689306011434,A
ksa,2016,HFO,624.94704,A
ksa,2016,diesel,397.349677296,A
ksa,2016,NG,1375.561837716,A
ksa,2016,Arablight,1363.2265429306306,A
ksa,2017,HFO,898.3613699999999,A
ksa,2017,diesel,370.25765384400006,A
ksa,2017,NG,1451.7552292015348,A
ksa,2017,Arablight,937.1815838218831,A
ksa,2018,HFO,1015.5389399999999,A
ksa,2018,diesel,343.165630392,A
ksa,2018,NG,1550.7823877634507,A
ksa,2018,Arablight,834.0287851626106,A
ksa,2019,HFO,1171.7757,A
ksa,2019,diesel,269.41635741179635,A
ksa,2019,NG,1605.3615265698681,A
ksa,2019,Arablight,878.2190437288352,A
ksa,2020,HFO,1210.8348899999999,A
ksa,2020,diesel,284.54566870798357,A
ksa,2020,NG,1737.104994773985,A
ksa,2020,Arablight,591.5411427572847,A
ksa,2021,HFO,1249.89408,A
ksa,2021,diesel,257.1696360359998,A
ksa,2021,NG,1809.295794945503,A
ksa,2021,Arablight,507.5644942133912,A
ksa,2022,HFO,1288.9532699999995,A
ksa,2022,diesel,230.5658805839992,A
ksa,2022,NG,1899.0330738924065,A
ksa,2022,Arablight,491.3182977772438,A
ksa,2023,HFO,1288.9532699999997,A
ksa,2023,diesel,203.962125132,A
ksa,2023,NG,2006.5985424982134,A
ksa,2023,Arablight,623.8182680917482,A
ksa,2024,HFO,1288.95327,A
ksa,2024,diesel,177.3583696800002,A
ksa,2024,NG,2096.617531554386,A
ksa,2024,Arablight,862.6079162006953,A
ksa,2025,HFO,1288.95327,A
ksa,2025,diesel,150.75461422800007,A
ksa,2025,NG,2186.6365203809855,A
ksa,2025,Arablight,1089.275049130344,A
ksa,2026,HFO,1288.9532699999997,A
ksa,2026,diesel,124.150858776,A
ksa,2026,NG,2276.655509306616,A
ksa,2026,Arablight,1368.9426823308422,A
ksa,2027,HFO,1328.01246,A
ksa,2027,diesel,97.54710332399999,A
ksa,2027,NG,2366.3927882415387,A
ksa,2027,Arablight,1600.1919164953915,A
ksa,2028,HFO,1367.0716500000003,A
ksa,2028,diesel,70.94334787199796,A
ksa,2028,NG,2456.1300671781646,A
ksa,2028,Arablight,1688.7752363442014,A
ksa,2029,HFO,1406.1308399999998,A
ksa,2029,diesel,44.33959242000004,A
ksa,2029,NG,2545.8673461138897,A
ksa,2029,Arablight,1759.594183923046,A
ksa,2030,HFO,1445.1900300000002,A
ksa,2030,diesel,17.735836968000093,A
ksa,2030,NG,2725.6191012059976,A
ksa,2030,Arablight,1751.6819747140553,A
uae,2015,NG,1137.5190043479602,A
uae,2016,NG,1183.7434571153142,A
uae,2017,NG,1245.5594567236342,A
uae,2018,NG,1301.6718033038892,A
uae,2019,NG,1333.7350126132237,A
uae,2020,NG,1391.3082493093261,A
uae,2021,NG,1090.2920144342665,A
uae,2022,NG,1041.5564360701978,A
uae,2022,Coal,103.4851573490486,A
uae,2023,NG,1077.9405381982301,A
uae,2023,Coal,102.53549397013612,A
uae,2024,NG,1006.6438461530536,A
uae,2024,Coal,258.36882583079944,A
uae,2025,NG,1046.1309880681972,A
uae,2025,Coal,255.15362862401952,A
uae,2026,NG,1082.051741526598,A
uae,2026,Coal,253.7487292220818,A
uae,2027,NG,1127.8152563862907,A
uae,2027,Coal,263.8882036047812,A
uae,2028,NG,1174.691593523812,A
uae,2028,Coal,263.2468310364627,A
uae,2029,NG,1222.5258207191343,A
uae,2029,Coal,266.4146776308513,A
uae,2030,NG,1274.5144293318244,A
uae,2030,Coal,265.7921879796541,A
qat,2015,NG,351.1149814105679,A
qat,2016,NG,376.7647288962918,A
qat,2017,NG,383.9953291320822,A
qat,2018,NG,411.1187483676706,A
qat,2019,NG,433.80496717848825,A
qat,2020,NG,444.8743749860285,A
qat,2021,NG,457.2608728650287,A
qat,2022,NG,466.18995828158336,A
qat,2023,NG,478.69067786475955,A
qat,2024,NG,491.1983511569399,A
qat,2025,NG,503.7370519541036,A
qat,2026,NG,516.4715042210182,A
qat,2027,NG,531.5215326965665,A
qat,2028,NG,547.577963917517,A
qat,2029,NG,566.2221832912642,A
qat,2030,NG,585.4778157290452,A
kuw,2015,HFO,157.6,A
kuw,2015,diesel,53.353594845090825,A
kuw,2015,NG,400.0,A
kuw,2015,Arablight,27.15,A
kuw,2016,HFO,163.904,A
kuw,2016,diesel,43.67911755329341,A
kuw,2016,NG,440.00000000000006,A
kuw,2016,Arablight,28.236,A
kuw,2017,HFO,157.6,A
kuw,2017,diesel,45.42430036762357,A
kuw,2017,NG,480.0,A
kuw,2017,Arablight,27.15,A
kuw,2018,HFO,160.752,A
kuw,2018,diesel,78.69164679307652,A
kuw,2018,NG,480.0,A
kuw,2018,Arablight,27.692999999999998,A
kuw,2019,HFO,162.328,A
kuw,2019,diesel,80.42777436953808,A
kuw,2019,NG,520.0,A
kuw,2019,Arablight,27.9645,A
kuw,2020,HFO,165.48,A
kuw,2020,diesel,123.45806064892437,A
kuw,2020,NG,520.0,A
kuw,2020,Arablight,28.5075,A
kuw,2021,HFO,129.79177598689947,A
kuw,2021,NG,560.0,A
kuw,2022,HFO,150.50691198422237,A
kuw,2022,NG,560.0,A
kuw,2023,HFO,151.24422977432474,A
kuw,2023,NG,600.0,A
kuw,2024,HFO,141.49478892886395,A
kuw,2024,NG,640.0,A
kuw,2025,HFO,166.3526837277763,A
kuw,2025,NG,640.0,A
kuw,2026,HFO,151.210578699572,A
kuw,2026,NG,680.0,A
kuw,2027,HFO,179.61960160304105,A
kuw,2027,NG,680.0,A
kuw,2028,HFO,168.71747465151876,A
kuw,2028,NG,720.0,A
kuw,2029,HFO,201.6575254331639,A
kuw,2029,NG,720.0,A
kuw,2030,HFO,195.70059175211952,A
kuw,2030,NG,760.0,A
bah,2015,NG,128.72424337809395,A
bah,2016,NG,137.30862359009438,A
bah,2017,NG,143.03452190963108,A
bah,2018,NG,148.76042022916786,A
bah,2019,NG,155.98122756868838,A
bah,2020,NG,161.8101736918254,A
bah,2021,NG,169.16946819425684,A
bah,2022,NG,176.60053248134034,A
bah,2023,NG,185.5351391802901,A
bah,2024,NG,192.98374268664708,A
bah,2025,NG,201.92360497694088,A
bah,2026,NG,209.4094941167898,A
bah,2027,NG,218.57229455742785,A
bah,2028,NG,227.03255052561474,A
bah,2029,NG,233.079330893037,A
bah,2030,NG,240.13390798836792,A
omn,2015,NG,281.7467875703302,A
omn,2016,NG,299.50930375081975,A
omn,2017,NG,308.74528164247124,A
omn,2018,NG,320.5869590961301,A
omn,2019,NG,335.38905591319997,A
omn,2020,NG,290.4944583210703,A
omn,2021,NG,303.7683028313519,A
omn,2022,NG,310.6488015359754,A
omn,2023,NG,317.6267308203871,A
omn,2024,NG,330.90057533067403,A
omn,2025,NG,346.8291887430151,A
omn,2026,NG,360.1030332532995,A
omn,2027,NG,376.0316466656445,A
omn,2028,NG,394.61502898004426,A
omn,2029,NG,410.5436423923866,A
omn,2030,NG,429.26641801622395,A
ksa,2015,HFO,390.5919,B
ksa,2015,diesel,451.5337242,B
ksa,2015,NG,1250.51076156,B
ksa,2015,Arablight,1447.5689306011434,B
ksa,2016,HFO,624.94704,B
ksa,2016,diesel,397.349677296,B
ksa,2016,NG,1375.561837716,B
ksa,2016,Arablight,1363.2265429306306,B
ksa,2017,HFO,898.3613699999999,B
ksa,2017,diesel,370.25765384400006,B
ksa,2017,NG,1451.7552292015348,B
ksa,2017,Arablight,937.1815838218831,B
ksa,2018,HFO,1015.5389399999999,B
ksa,2018,diesel,343.165630392,B
ksa,2018,NG,1550.7823877634507,B
ksa,2018,Arablight,834.0287851626106,B
ksa,2019,HFO,1144.2533615779016,B
ksa,2019,diesel,282.78946713455804,B
ksa,2019,NG,1549.894863046179,B
ksa,2019,Arablight,975.1861240290896,B
ksa,2020,HFO,1169.5119024961834,B
ksa,2020,diesel,284.5456687079992,B
ksa,2020,NG,1389.5651553904718,B
ksa,2020,Arablight,1025.8076741172968,B
ksa,2021,HFO,1151.3337172258455,B
ksa,2021,diesel,257.9419132560005,B
ksa,2021,NG,1443.457572809826,B
ksa,2021,Arablight,978.7525404020918,B
ksa,2022,HFO,1013.457833522926,B
ksa,2022,diesel,231.3381578039225,B
ksa,2022,NG,1533.2597768343771,B
ksa,2022,Arablight,1160.5236316353958,B
ksa,2023,HFO,972.8841286024989,B
ksa,2023,diesel,204.699804372,B
ksa,2023,NG,1623.3042032344879,B
ksa,2023,Arablight,1345.274775927415,B
ksa,2024,HFO,953.7033654769086,B
ksa,2024,diesel,178.10056170000084,B
ksa,2024,NG,1720.4377010439052,B
ksa,2024,Arablight,1660.9381670733974,B
ksa,2025,HFO,953.7033654769074,B
ksa,2025,diesel,151.50131902800018,B
ksa,2025,NG,1810.4521771999057,B
ksa,2025,Arablight,1775.8979382316431,B
ksa,2026,HFO,953.7033654769087,B
ksa,2026,diesel,124.90207635600376,B
ksa,2026,NG,1900.466653355928,B
ksa,2026,Arablight,1872.2919723025448,B
ksa,2027,HFO,981.2833654769079,B
ksa,2027,diesel,98.30283368399786,B
ksa,2027,NG,1990.4811295119052,B
ksa,2027,Arablight,1970.9419483518252,B
ksa,2028,HFO,1008.8633654769062,B
ksa,2028,diesel,71.70359101199985,B
ksa,2028,NG,2080.495605667907,B
ksa,2028,Arablight,1986.8752260632787,B
ksa,2029,HFO,1014.8281126850698,B
ksa,2029,diesel,45.10434834000153,B
ksa,2029,NG,2194.723681823902,B
ksa,2029,Arablight,1967.04665466957,B
ksa,2030,HFO,1040.6068416189719,B
ksa,2030,diesel,18.05834044799998,B
ksa,2030,NG,2376.7704341359045,B
ksa,2030,Arablight,1678.2699901528572,B
uae,2015,NG,1137.5190043479602,B
uae,2016,NG,1183.7434571153142,B
uae,2017,NG,1245.5594567236342,B
uae,2018,NG,1301.6718033038892,B
uae,2019,NG,1333.5273463558165,B
uae,2020,NG,1391.307735302334,B
uae,2021,NG,1083.7668688721917,B
uae,2022,NG,1049.6741211584183,B
uae,2022,Coal,72.15392938515566,B
uae,2023,NG,1089.2949932151403,B
uae,2023,Coal,83.60966074409203,B
uae,2024,NG,1045.946975664104,B
uae,2024,Coal,167.5052411891215,B
uae,2025,NG,1258.045094550415,B
uae,2025,Coal,30.36005669002327,B
uae,2026,NG,1293.5655731774834,B
uae,2026,Coal,45.8429427357544,B
uae,2027,NG,1363.6034379704445,B
uae,2027,Coal,31.06393261623657,B
uae,2028,NG,1401.7481626546048,B
uae,2028,Coal,41.49267228623691,B
uae,2029,NG,1441.0321027313212,B
uae,2029,Coal,40.394627106843586,B
uae,2030,NG,1477.8412525164931,B
uae,2030,Coal,39.45608237267491,B
qat,2015,NG,351.1149814105679,B
qat,2016,NG,376.7647288962918,B
qat,2017,NG,383.9953291320822,B
qat,2018,NG,411.1187483676706,B
qat,2019,NG,433.80496717848814,B
qat,2020,NG,441.8711766380966,B
qat,2021,NG,436.7496427692518,B
qat,2022,NG,429.01305597740054,B
qat,2023,NG,444.54657603443604,B
qat,2024,NG,461.8085032284181,B
qat,2025,NG,475.5123784716071,B
qat,2026,NG,494.68608577188763,B
qat,2027,NG,515.6075294506663,B
qat,2028,NG,533.0739396548842,B
qat,2029,NG,552.767313083341,B
qat,2030,NG,558.7222566756707,B
kuw,2015,HFO,157.6,B
kuw,2015,diesel,53.353594845090825,B
kuw,2015,NG,400.0,B
kuw,2015,Arablight,27.15,B
kuw,2016,HFO,163.904,B
kuw,2016,diesel,43.67911755329341,B
kuw,2016,NG,440.00000000000006,B
kuw,2016,Arablight,28.236,B
kuw,2017,HFO,157.6,B
kuw,2017,diesel,45.42430036762357,B
kuw,2017,NG,480.0,B
kuw,2017,Arablight,27.15,B
kuw,2018,HFO,160.752,B
kuw,2018,diesel,78.69164679307652,B
kuw,2018,NG,480.0,B
kuw,2018,Arablight,27.692999999999998,B
kuw,2019,HFO,162.328,B
kuw,2019,diesel,80.42777436953784,B
kuw,2019,NG,520.0,B
kuw,2019,Arablight,27.9645,B
kuw,2020,HFO,165.48,B
kuw,2020,diesel,123.45806064999695,B
kuw,2020,NG,520.0,B
kuw,2020,Arablight,28.5075,B
kuw,2021,HFO,89.3283814099346,B
kuw,2021,NG,560.0,B
kuw,2022,HFO,114.99419379134764,B
kuw,2022,NG,560.0,B
kuw,2023,HFO,113.39218179061152,B
kuw,2023,NG,600.0,B
kuw,2024,HFO,108.54315603607469,B
kuw,2024,NG,640.0,B
kuw,2025,NG,640.0,B
kuw,2026,NG,678.3979873766782,B
kuw,2027,NG,680.0,B
kuw,2028,NG,720.0,B
kuw,2029,NG,720.0,B
kuw,2030,NG,760.0,B
bah,2015,NG,128.72424337809395,B
bah,2016,NG,137.30862359009438,B
bah,2017,NG,143.03452190963108,B
bah,2018,NG,148.76042022916786,B
bah,2019,NG,155.98122756869057,B
bah,2020,NG,161.81017369184434,B
bah,2021,NG,168.16589390932657,B
bah,2022,NG,175.6125931503181,B
bah,2023,NG,184.55186913473216,B
bah,2024,NG,192.00201188179864,B
bah,2025,NG,200.98485509622185,B
bah,2026,NG,208.62024153206795,B
bah,2027,NG,216.28838077070873,B
bah,2028,NG,223.34295786582555,B
bah,2029,NG,229.38973823374812,B
bah,2030,NG,236.44431532858817,B
omn,2015,NG,281.7467875703302,B
omn,2016,NG,299.50930375081975,B
omn,2017,NG,308.74528164247124,B
omn,2018,NG,320.5869590961301,B
omn,2019,NG,335.3890559132001,B
omn,2020,NG,292.27984766107096,B
omn,2021,NG,306.14781733694156,B
omn,2022,NG,314.1206724108704,B
omn,2023,NG,321.56926123032207,B
omn,2024,NG,335.40958053255645,B
omn,2025,NG,352.2585316361933,B
omn,2026,NG,366.56297228075954,B
omn,2027,NG,384.14490703087927,B
omn,2028,NG,403.76478683195944,B
omn,2029,NG,418.49508647218164,B
omn,2030,NG,435.81069686632236,B
ksa,2015,HFO,390.5919,C
ksa,2015,diesel,451.5337242,C
ksa,2015,NG,1250.51076156,C
ksa,2015,Arablight,1447.5689306011434,C
ksa,2016,HFO,624.94704,C
ksa,2016,diesel,397.349677296,C
ksa,2016,NG,1375.561837716,C
ksa,2016,Arablight,1363.2265429306306,C
ksa,2017,HFO,898.3613699999999,C
ksa,2017,diesel,370.25765384400006,C
ksa,2017,NG,1451.7552292015348,C
ksa,2017,Arablight,937.1815838218831,C
ksa,2018,HFO,1015.5389399999999,C
ksa,2018,diesel,343.165630392,C
ksa,2018,NG,1550.7823877634507,C
ksa,2018,Arablight,834.0287851626106,C
ksa,2019,HFO,351.7728522322011,C
ksa,2019,diesel,55.53395862976777,C
ksa,2019,NG,1427.8317840491738,C
ksa,2019,Arablight,3241.5651991542727,C
ksa,2020,HFO,394.9808514004522,C
ksa,2020,diesel,51.04158342218883,C
ksa,2020,NG,1517.2939611789907,C
ksa,2020,Arablight,3648.149038468288,C
ksa,2021,HFO,416.6504747147309,C
ksa,2021,diesel,48.34222829983824,C
ksa,2021,NG,1604.4567184179891,C
ksa,2021,Arablight,3359.041402172906,C
ksa,2022,HFO,514.2027473042554,C
ksa,2022,diesel,34.141627937105916,C
ksa,2022,NG,1694.8409082549888,C
ksa,2022,Arablight,3193.81426975329,C
ksa,2023,HFO,631.9050686500179,C
ksa,2023,diesel,56.5429709678251,C
ksa,2023,NG,1785.7532707932114,C
ksa,2023,Arablight,3288.5101518182278,C
ksa,2023,Coal,4.8538385530251964e-05,C
ksa,2024,HFO,778.4751048065486,C
ksa,2024,diesel,58.648904366814016,C
ksa,2024,NG,1877.269045005598,C
ksa,2024,Arablight,3466.1837161980575,C
ksa,2024,Coal,0.00015948331797354444,C
ksa,2025,HFO,874.9743874439313,C
ksa,2025,diesel,65.2978096258569,C
ksa,2025,NG,1993.4711640285823,C
ksa,2025,Arablight,3559.561101964704,C
ksa,2025,Coal,0.0005604732694278068,C
ksa,2026,HFO,1144.4244563035784,C
ksa,2026,diesel,84.74188451406384,C
ksa,2026,NG,2133.342894492439,C
ksa,2026,Arablight,3494.744956891989,C
ksa,2026,Coal,3.9459712386067567,C
ksa,2027,HFO,1283.8397911781947,C
ksa,2027,diesel,89.96507281651323,C
ksa,2027,NG,2263.4686900540532,C
ksa,2027,Arablight,3267.765862529205,C
ksa,2027,Coal,5.785289454242741,C
ksa,2028,HFO,1325.3359141295775,C
ksa,2028,diesel,72.25850131757753,C
ksa,2028,NG,2396.260138816052,C
ksa,2028,Arablight,2933.145258821964,C
ksa,2028,Coal,7.551349895234695,C
ksa,2029,HFO,1364.3729286879238,C
ksa,2029,diesel,45.16158991652591,C
ksa,2029,NG,2545.360983655523,C
ksa,2029,Arablight,2677.128259823748,C
ksa,2029,Coal,7.781080930779808,C
ksa,2030,HFO,1407.9282915462,C
ksa,2030,diesel,18.06111669516621,C
ksa,2030,NG,2779.810273341443,C
ksa,2030,Arablight,2404.5849966978335,C
ksa,2030,Coal,2.088857234245109,C
uae,2015,NG,1137.5190043479602,C
uae,2016,NG,1183.7434571153142,C
uae,2017,NG,1245.5594567236342,C
uae,2018,NG,1301.6718033038892,C
uae,2019,NG,2060.771963726438,C
uae,2020,NG,2068.885551083962,C
uae,2021,NG,1699.617607470103,C
uae,2022,NG,1686.834808780034,C
uae,2022,Coal,4.04839753463057,C
uae,2023,NG,1742.7679717010624,C
uae,2023,Coal,10.737054733869156,C
uae,2024,NG,1857.081646818559,C
uae,2024,Coal,23.45915556898364,C
uae,2025,NG,1890.889146412427,C
uae,2025,Coal,41.737949790323725,C
uae,2026,NG,2076.0587139683066,C
uae,2026,Coal,69.54208347047215,C
uae,2027,NG,2234.7750429105217,C
uae,2027,Coal,79.58597219224922,C
uae,2028,NG,2242.2780229932323,C
uae,2028,Coal,77.21569991152842,C
uae,2029,NG,2427.3359016498125,C
uae,2029,Coal,81.255097185902,C
uae,2030,NG,2546.123483540445,C
uae,2030,Coal,77.75974389412465,C
qat,2015,NG,351.1149814105679,C
qat,2016,NG,376.7647288962918,C
qat,2017,NG,383.9953291320822,C
qat,2018,NG,411.1187483676706,C
qat,2019,NG,559.1423573949602,C
qat,2020,NG,652.4640298030332,C
qat,2021,NG,652.7509922590862,C
qat,2022,NG,667.689004442628,C
qat,2023,NG,725.9812042051153,C
qat,2023,Coal,0.00023035051848263382,C
qat,2024,NG,800.049714473796,C
qat,2024,Coal,0.3882215075126331,C
qat,2025,NG,837.0654934507427,C
qat,2025,Coal,7.353715502778804e-05,C
qat,2026,NG,856.2616008950706,C
qat,2026,Coal,0.9770368827150379,C
qat,2027,NG,899.5026874706214,C
qat,2027,Coal,1.463476014576462,C
qat,2028,NG,991.6150752881123,C
qat,2028,Coal,0.02626829964383951,C
qat,2029,NG,1123.5943987688624,C
qat,2029,Coal,0.3804446724382174,C
qat,2030,NG,1169.9500276001277,C
qat,2030,Coal,1.6820439430577203,C
kuw,2015,HFO,157.6,C
kuw,2015,diesel,53.353594845090825,C
kuw,2015,NG,400.0,C
kuw,2015,Arablight,27.15,C
kuw,2016,HFO,163.904,C
kuw,2016,diesel,43.67911755329341,C
kuw,2016,NG,440.00000000000006,C
kuw,2016,Arablight,28.236,C
kuw,2017,HFO,157.6,C
kuw,2017,diesel,45.42430036762357,C
kuw,2017,NG,480.0,C
kuw,2017,Arablight,27.15,C
kuw,2018,HFO,160.752,C
kuw,2018,diesel,78.69164679307652,C
kuw,2018,NG,480.0,C
kuw,2018,Arablight,27.692999999999998,C
kuw,2019,HFO,162.328,C
kuw,2019,diesel,246.60000000000002,C
kuw,2019,NG,402.7549439184331,C
kuw,2019,Arablight,27.9645,C
kuw,2020,HFO,165.48,C
kuw,2020,diesel,254.82000000000002,C
kuw,2020,NG,440.4623778663822,C
kuw,2020,Arablight,28.5075,C
kuw,2021,HFO,167.056,C
kuw,2021,diesel,261.1991514319828,C
kuw,2021,NG,476.11971580333716,C
kuw,2021,Arablight,28.779000000000003,C
kuw,2022,HFO,170.208,C
kuw,2022,diesel,271.26,C
kuw,2022,NG,458.1232833775722,C
kuw,2022,Arablight,29.322,C
kuw,2023,HFO,174.936,C
kuw,2023,diesel,271.26,C
kuw,2023,NG,513.7607816650747,C
kuw,2023,Arablight,30.1365,C
kuw,2023,Coal,1.8358089599396716,C
kuw,2024,HFO,181.23999999999998,C
kuw,2024,diesel,271.25999999999993,C
kuw,2024,NG,582.6972717427085,C
kuw,2024,Arablight,31.222499999999997,C
kuw,2024,Coal,1.9026944082827768,C
kuw,2025,HFO,187.54399999999998,C
kuw,2025,diesel,271.26,C
kuw,2025,NG,624.1795389557965,C
kuw,2025,Arablight,32.308499999999995,C
kuw,2025,Coal,7.317868086450235e-05,C
kuw,2026,HFO,192.272,C
kuw,2026,diesel,271.26,C
kuw,2026,NG,680.0,C
kuw,2026,Arablight,33.123,C
kuw,2026,Coal,0.9668929496483204,C
kuw,2027,HFO,198.576,C
kuw,2027,diesel,271.26,C
kuw,2027,NG,680.0,C
kuw,2027,Arablight,34.208999999999996,C
kuw,2027,Coal,1.4612678212124002,C
kuw,2028,HFO,203.304,C
kuw,2028,diesel,271.26,C
kuw,2028,NG,720.0,C
kuw,2028,Arablight,35.0235,C
kuw,2028,Coal,6.109082789596939,C
kuw,2029,HFO,208.032,C
kuw,2029,diesel,271.26,C
kuw,2029,NG,720.0,C
kuw,2029,Arablight,35.838,C
kuw,2029,Coal,16.04906353776962,C
kuw,2030,HFO,212.76000000000002,C
kuw,2030,diesel,271.26,C
kuw,2030,NG,760.0,C
kuw,2030,Arablight,36.652499999999996,C
kuw,2030,Coal,29.42152542141745,C
bah,2015,NG,128.72424337809395,C
bah,2016,NG,137.30862359009438,C
bah,2017,NG,143.03452190963108,C
bah,2018,NG,148.76042022916786,C
bah,2019,diesel,69.16340750674152,C
bah,2019,NG,120.21400164146876,C
bah,2020,diesel,212.8477296627799,C
bah,2020,NG,285.9713576669236,C
bah,2021,diesel,201.63271262356298,C
bah,2021,NG,280.0830074649122,C
bah,2022,diesel,190.3485264736133,C
bah,2022,NG,264.47811547547974,C
bah,2023,diesel,179.4533702191047,C
bah,2023,NG,239.74973379608974,C
bah,2024,diesel,210.7927249344631,C
bah,2024,NG,273.62623286544596,C
bah,2025,diesel,212.85759852661474,C
bah,2025,NG,281.914779660504,C
bah,2026,diesel,233.83319924978,C
bah,2026,NG,301.4378334303959,C
bah,2026,Coal,0.9849768805153541,C
bah,2027,diesel,262.4950252621295,C
bah,2027,NG,345.09042558551596,C
bah,2027,Coal,1.468166996510199,C
bah,2028,diesel,257.1804259346619,C
bah,2028,NG,333.70359475525345,C
bah,2028,Coal,0.0009495729050060676,C
bah,2029,diesel,276.8526990254229,C
bah,2029,NG,484.7784397535292,C
bah,2029,Coal,1.8390281645566868,C
bah,2030,diesel,316.68816813302755,C
bah,2030,NG,558.4653616690615,C
omn,2015,NG,281.7467875703302,C
omn,2016,NG,299.50930375081975,C
omn,2017,NG,308.74528164247124,C
omn,2018,NG,320.5869590961301,C
omn,2019,NG,501.3498615746048,C
omn,2020,NG,681.6883271544116,C
omn,2021,NG,608.0003046172886,C
omn,2022,NG,656.8850550116408,C
omn,2023,NG,729.0355027525006,C
omn,2024,NG,739.9596034061982,C
omn,2025,NG,750.0586832009548,C
omn,2026,NG,766.9534821602888,C
omn,2026,Coal,0.9591424046614486,C
omn,2027,NG,768.3230562901554,C
omn,2027,Coal,1.470148880621305,C
omn,2028,NG,766.1327633825879,C
omn,2029,NG,788.379796060725,C
omn,2029,Coal,1.8512612630060101,C
omn,2030,NG,827.8716550040265,C
ksa,2015,HFO,390.5919,D
ksa,2015,diesel,451.5337242,D
ksa,2015,NG,1250.51076156,D
ksa,2015,Arablight,1447.5689306011434,D
ksa,2016,HFO,624.94704,D
ksa,2016,diesel,397.349677296,D
ksa,2016,NG,1375.561837716,D
ksa,2016,Arablight,1363.2265429306306,D
ksa,2017,HFO,898.3613699999999,D
ksa,2017,diesel,370.25765384400006,D
ksa,2017,NG,1451.7552292015348,D
ksa,2017,Arablight,937.1815838218831,D
ksa,2018,HFO,1015.5389399999999,D
ksa,2018,diesel,343.165630392,D
ksa,2018,NG,1550.7823877634507,D
ksa,2018,Arablight,834.0287851626106,D
ksa,2019,HFO,1144.2533615779753,D
ksa,2019,diesel,282.789467134521,D
ksa,2019,NG,1549.8948630459327,D
ksa,2019,Arablight,1114.5592046980462,D
ksa,2020,HFO,1169.5119024961566,D
ksa,2020,diesel,284.5456687080019,D
ksa,2020,NG,1389.56515539041,D
ksa,2020,Arablight,1169.987967991587,D
ksa,2021,HFO,1151.3337172319011,D
ksa,2021,diesel,257.94191325600343,D
ksa,2021,NG,1443.4575728126704,D
ksa,2021,Arablight,1040.147244109277,D
ksa,2022,HFO,1013.4578335332983,D
ksa,2022,diesel,231.3381578043729,D
ksa,2022,NG,1533.2597768371174,D
ksa,2022,Arablight,1180.0566368121783,D
ksa,2023,HFO,972.8841286024733,D
ksa,2023,diesel,204.69980437196733,D
ksa,2023,NG,1623.3042032369701,D
ksa,2023,Arablight,1359.573525202131,D
ksa,2024,HFO,953.703365476889,D
ksa,2024,diesel,178.10056169999956,D
ksa,2024,NG,1720.4377010463875,D
ksa,2024,Arablight,1630.1169932041003,D
ksa,2025,HFO,953.7033654768911,D
ksa,2025,diesel,151.50131902799657,D
ksa,2025,NG,1810.4521772025118,D
ksa,2025,Arablight,1769.819821415144,D
ksa,2026,HFO,953.7033654768769,D
ksa,2026,diesel,124.90207635600058,D
ksa,2026,NG,1900.466653358376,D
ksa,2026,Arablight,1841.1628700748176,D
ksa,2027,HFO,981.2833654768865,D
ksa,2027,diesel,98.3028336840041,D
ksa,2027,NG,1990.4811295143875,D
ksa,2027,Arablight,1941.8437350552301,D
ksa,2028,HFO,1008.86336547689,D
ksa,2028,diesel,71.70359101199777,D
ksa,2028,NG,2080.4956056703545,D
ksa,2028,Arablight,1969.465552932823,D
ksa,2029,HFO,1014.8281126850255,D
ksa,2029,diesel,45.10434833999965,D
ksa,2029,NG,2194.723681826353,D
ksa,2029,Arablight,1885.933287454539,D
ksa,2030,HFO,1040.6068416175851,D
ksa,2030,diesel,18.058340447950876,D
ksa,2030,NG,2376.7704341383537,D
ksa,2030,Arablight,1564.793786666232,D
uae,2015,NG,1137.5190043479602,D
uae,2016,NG,1183.7434571153142,D
uae,2017,NG,1245.5594567236342,D
uae,2018,NG,1301.6718033038892,D
uae,2019,NG,1275.027076247858,D
uae,2020,NG,1304.1937862916807,D
uae,2021,NG,1115.3874762404175,D
uae,2022,NG,1108.969093919375,D
uae,2022,Coal,86.89273482915513,D
uae,2023,NG,1133.1769936974943,D
uae,2023,Coal,91.89950027717275,D
uae,2024,NG,1110.426067091742,D
uae,2024,Coal,170.35829005169236,D
uae,2025,NG,1300.853319977596,D
uae,2025,Coal,50.89493535005281,D
uae,2026,NG,1343.7324254370058,D
uae,2026,Coal,57.009418425619494,D
uae,2027,NG,1392.3699762725305,D
uae,2027,Coal,59.714032610237666,D
uae,2028,NG,1430.0251456236365,D
uae,2028,Coal,66.94666793042299,D
uae,2029,NG,1466.204998949785,D
uae,2029,Coal,52.706194089653266,D
uae,2030,NG,1499.072234033763,D
uae,2030,Coal,37.36668737505529,D
qat,2015,NG,351.1149814105679,D
qat,2016,NG,376.7647288962918,D
qat,2017,NG,383.9953291320822,D
qat,2018,NG,411.1187483676706,D
qat,2019,NG,410.7585586198594,D
qat,2020,NG,448.07840949357137,D
qat,2021,NG,467.55743390415927,D
qat,2022,NG,477.8902896448659,D
qat,2023,NG,500.70325899349587,D
qat,2024,NG,510.2795387327891,D
qat,2025,NG,524.7451684883212,D
qat,2026,NG,539.3965835029023,D
qat,2027,NG,556.6735326434391,D
qat,2028,NG,574.4598488104986,D
qat,2029,NG,595.2997588761549,D
qat,2030,NG,616.116132974648,D
kuw,2015,HFO,157.6,D
kuw,2015,diesel,53.353594845090825,D
kuw,2015,NG,400.0,D
kuw,2015,Arablight,27.15,D
kuw,2016,HFO,163.904,D
kuw,2016,diesel,43.67911755329341,D
kuw,2016,NG,440.00000000000006,D
kuw,2016,Arablight,28.236,D
kuw,2017,HFO,157.6,D
kuw,2017,diesel,45.42430036762357,D
kuw,2017,NG,480.0,D
kuw,2017,Arablight,27.15,D
kuw,2018,HFO,160.752,D
kuw,2018,diesel,78.69164679307652,D
kuw,2018,NG,480.0,D
kuw,2018,Arablight,27.692999999999998,D
kuw,2019,HFO,152.49684752395507,D
kuw,2019,NG,520.0,D
kuw,2020,HFO,165.48,D
kuw,2020,diesel,3.9015806680622336,D
kuw,2020,NG,520.0,D
kuw,2020,Arablight,28.5075,D
kuw,2021,HFO,25.280267124901727,D
kuw,2021,NG,560.0,D
kuw,2022,HFO,50.94607950918614,D
kuw,2022,NG,560.0,D
kuw,2023,HFO,49.34406750718046,D
kuw,2023,NG,600.0,D
kuw,2024,HFO,44.495041750334316,D
kuw,2024,NG,640.0,D
kuw,2025,NG,640.0,D
kuw,2026,NG,678.3979871917929,D
kuw,2027,NG,680.0,D
kuw,2028,NG,720.0,D
kuw,2029,NG,720.0,D
kuw,2030,NG,760.0,D
bah,2015,NG,128.72424337809395,D
bah,2016,NG,137.30862359009438,D
bah,2017,NG,143.03452190963108,D
bah,2018,NG,148.76042022916786,D
bah,2019,NG,109.07747226906238,D
bah,2020,NG,113.49624320698237,D
bah,2021,NG,120.63973343518761,D
bah,2022,NG,127.79092777832999,D
bah,2023,NG,136.4415543961075,D
bah,2024,NG,151.06176783079,D
bah,2025,NG,162.80845731119751,D
bah,2026,NG,199.13563356418678,D
bah,2027,NG,196.46887307155205,D
bah,2028,NG,244.3280311161875,D
bah,2029,NG,261.4138103932853,D
bah,2030,NG,268.4683874885622,D
omn,2015,NG,281.7467875703302,D
omn,2016,NG,299.50930375081975,D
omn,2017,NG,308.74528164247124,D
omn,2018,NG,320.5869590961301,D
omn,2019,NG,362.6940764024862,D
omn,2020,NG,314.5008113904341,D
omn,2021,NG,295.84761785255284,D
omn,2022,NG,303.00165420930614,D
omn,2023,NG,330.54727605178425,D
omn,2024,NG,353.78870823758376,D
omn,2025,NG,372.96598311826347,D
omn,2026,NG,387.4384027639003,D
omn,2027,NG,405.7817374115397,D
omn,2028,NG,426.10202008550004,D
omn,2029,NG,437.3239950108409,D
omn,2030,NG,455.87688377237265,D
ksa,2015,HFO,390.5919,E
ksa,2015,diesel,451.5337242,E
ksa,2015,NG,1250.51076156,E
ksa,2015,Arablight,1447.5689306011434,E
ksa,2016,HFO,624.94704,E
ksa,2016,diesel,397.349677296,E
ksa,2016,NG,1375.561837716,E
ksa,2016,Arablight,1363.2265429306306,E
ksa,2017,HFO,898.3613699999999,E
ksa,2017,diesel,370.25765384400006,E
ksa,2017,NG,1451.7552292015348,E
ksa,2017,Arablight,937.1815838218831,E
ksa,2018,HFO,1015.5389399999999,E
ksa,2018,diesel,343.165630392,E
ksa,2018,NG,1550.7823877634507,E
ksa,2018,Arablight,834.0287851626106,E
ksa,2019,NG,2455.2552029548956,E
ksa,2019,Arablight,1188.780776408316,E
ksa,2020,NG,2750.90747700645,E
ksa,2020,Arablight,892.9203521744091,E
ksa,2021,NG,3035.078028667047,E
ksa,2022,NG,3104.091817926019,E
ksa,2023,NG,3262.4710590484633,E
ksa,2024,NG,3448.764417267662,E
ksa,2025,NG,3631.4407489243376,E
ksa,2026,NG,3818.7368806090917,E
ksa,2027,NG,3999.032636104057,E
ksa,2028,NG,4222.178462540223,E
ksa,2029,NG,4407.99484745356,E
ksa,2030,NG,4615.634902909686,E
uae,2015,NG,1137.5190043479602,E
uae,2016,NG,1183.7434571153142,E
uae,2017,NG,1245.5594567236342,E
uae,2018,NG,1301.6718033038892,E
uae,2019,NG,1316.413510501628,E
uae,2020,NG,1376.7500454321814,E
uae,2021,NG,704.0055008365514,E
uae,2022,NG,565.8185565885722,E
uae,2022,Coal,120.94433307276508,E
uae,2023,NG,685.70551373228,E
uae,2023,Coal,50.47494968540547,E
uae,2024,NG,652.4183563453726,E
uae,2024,Coal,119.49812125304311,E
uae,2025,NG,710.2869012463801,E
uae,2025,Coal,117.36305823449223,E
uae,2026,NG,757.2367055846178,E
uae,2026,Coal,118.78789424228434,E
uae,2027,NG,810.4291999752934,E
uae,2027,Coal,119.57731802358018,E
uae,2028,NG,868.8817101071027,E
uae,2028,Coal,117.8121659573647,E
uae,2029,NG,933.1960207177281,E
uae,2029,Coal,115.43913326111567,E
uae,2030,NG,991.5772404444173,E
uae,2030,Coal,114.59382569438986,E
qat,2015,NG,351.1149814105679,E
qat,2016,NG,376.7647288962918,E
qat,2017,NG,383.9953291320822,E
qat,2018,NG,411.1187483676706,E
qat,2019,NG,387.08969386972774,E
qat,2020,NG,403.56964304370524,E
qat,2021,NG,287.09375235134974,E
qat,2022,NG,295.40004505557783,E
qat,2023,NG,319.49236148156456,E
qat,2024,NG,344.09218115284796,E
qat,2025,NG,364.1485296045537,E
qat,2026,NG,384.2191923650929,E
qat,2027,NG,407.1597238585599,E
qat,2028,NG,430.39457098784544,E
qat,2029,NG,456.39746757166563,E
qat,2030,NG,482.3884999868262,E
kuw,2015,HFO,157.6,E
kuw,2015,diesel,53.353594845090825,E
kuw,2015,NG,400.0,E
kuw,2015,Arablight,27.15,E
kuw,2016,HFO,163.904,E
kuw,2016,diesel,43.67911755329341,E
kuw,2016,NG,440.00000000000006,E
kuw,2016,Arablight,28.236,E
kuw,2017,HFO,157.6,E
kuw,2017,diesel,45.42430036762357,E
kuw,2017,NG,480.0,E
kuw,2017,Arablight,27.15,E
kuw,2018,HFO,160.752,E
kuw,2018,diesel,78.69164679307652,E
kuw,2018,NG,480.0,E
kuw,2018,Arablight,27.692999999999998,E
kuw,2019,NG,757.4138464387755,E
kuw,2020,NG,790.3073327423892,E
kuw,2021,NG,487.25746200000026,E
kuw,2022,NG,405.57721949294717,E
kuw,2023,NG,235.59376890167223,E
kuw,2023,Coal,270.3590257753161,E
kuw,2024,NG,237.76913401330216,E
kuw,2024,Coal,310.8512199001221,E
kuw,2025,NG,239.93620864497456,E
kuw,2025,Coal,351.33474324850465,E
kuw,2026,NG,241.9573475998949,E
kuw,2026,Coal,391.99763210204253,E
kuw,2027,NG,244.28055542197023,E
kuw,2027,Coal,438.8340938535108,E
kuw,2028,NG,246.59569551410667,E
kuw,2028,Coal,486.0197863058706,E
kuw,2029,NG,249.081176196417,E
kuw,2029,Coal,539.6374817391011,E
kuw,2030,NG,253.46471915982434,E
kuw,2030,Coal,590.8451806050952,E
bah,2015,NG,128.72424337809395,E
bah,2016,NG,137.30862359009438,E
bah,2017,NG,143.03452190963108,E
bah,2018,NG,148.76042022916786,E
bah,2019,NG,155.98122756868833,E
bah,2020,NG,161.81017369184443,E
bah,2021,NG,169.16946819425706,E
bah,2022,NG,162.2699032110249,E
bah,2023,NG,168.28689955307237,E
bah,2024,NG,172.91199410503162,E
bah,2025,NG,177.80473818942843,E
bah,2026,NG,182.97173793574714,E
bah,2027,NG,188.72681545648842,E
bah,2028,NG,196.67671544141902,E
bah,2029,NG,202.8852503157679,E
bah,2030,NG,210.82091025443415,E
omn,2015,NG,281.7467875703302,E
omn,2016,NG,299.50930375081975,E
omn,2017,NG,308.74528164247124,E
omn,2018,NG,320.5869590961301,E
omn,2019,NG,335.16514606645524,E
omn,2020,NG,290.4944583210708,E
omn,2021,NG,209.3050236921036,E
omn,2022,NG,200.42963292423636,E
omn,2023,NG,45.55633468990639,E
omn,2023,Coal,234.46397753990308,E
omn,2024,NG,47.615308648793174,E
omn,2024,Coal,247.19095875545403,E
omn,2025,NG,50.06849942080439,E
omn,2025,Coal,262.3061988512882,E
omn,2026,NG,52.1259662993108,E
omn,2026,Coal,275.0467901146636,E
omn,2027,NG,51.83838051113781,E
omn,2027,Coal,294.10199340149103,E
omn,2028,NG,51.65096074492807,E
omn,2028,Coal,315.94022168399584,E
omn,2029,NG,51.465560030378214,E
omn,2029,Coal,334.82958412691227,E
omn,2030,NG,52.10606521509241,E
omn,2030,Coal,355.453937590024,E
ksa,2015,HFO,390.5919,F
ksa,2015,diesel,451.5337242,F
ksa,2015,NG,1250.51076156,F
ksa,2015,Arablight,1447.5689306011434,F
ksa,2016,HFO,624.94704,F
ksa,2016,diesel,397.349677296,F
ksa,2016,NG,1375.561837716,F
ksa,2016,Arablight,1363.2265429306306,F
ksa,2017,HFO,898.3613699999999,F
ksa,2017,diesel,370.25765384400006,F
ksa,2017,NG,1451.7552292015348,F
ksa,2017,Arablight,937.1815838218831,F
ksa,2018,HFO,1015.5389399999999,F
ksa,2018,diesel,343.165630392,F
ksa,2018,NG,1550.7823877634507,F
ksa,2018,Arablight,834.0287851626106,F
ksa,2019,NG,2455.1398521071524,F
ksa,2019,Arablight,1188.9036539695894,F
ksa,2020,NG,2750.925947706068,F
ksa,2020,Arablight,892.9097872514888,F
ksa,2021,NG,3035.1222255828675,F
ksa,2022,NG,3103.603160093604,F
ksa,2023,NG,3266.8568982476313,F
ksa,2024,NG,3475.0601732724617,F
ksa,2025,NG,3643.554544335039,F
ksa,2026,NG,3818.9338155489177,F
ksa,2027,NG,3999.3077559583476,F
ksa,2028,NG,4220.726764131254,F
ksa,2029,NG,4413.251592705648,F
ksa,2030,NG,4614.086922586299,F
uae,2015,NG,1137.5190043479602,F
uae,2016,NG,1183.7434571153142,F
uae,2017,NG,1245.5594567236342,F
uae,2018,NG,1301.6718033038892,F
uae,2019,NG,1316.4135105019673,F
uae,2020,NG,1376.7500454321762,F
uae,2021,NG,683.4419277471362,F
uae,2022,NG,606.7805516535466,F
uae,2022,Coal,52.353270647121235,F
uae,2023,NG,663.3817183740525,F
uae,2023,Coal,24.590165216508996,F
uae,2024,NG,684.0174310647706,F
uae,2024,Coal,47.09014311121195,F
uae,2025,NG,725.4251264786349,F
uae,2025,Coal,45.70225739655925,F
uae,2026,NG,763.0023420626026,F
uae,2026,Coal,41.45031331258569,F
uae,2027,NG,803.901595489846,F
uae,2027,Coal,40.27834637103338,F
uae,2028,NG,852.5712074532446,F
uae,2028,Coal,30.126896912870457,F
uae,2029,NG,917.8651361608942,F
uae,2029,Coal,1.3654497258218865,F
uae,2030,NG,959.1864005633186,F
uae,2030,Coal,1.4249954692287434,F
qat,2015,NG,351.1149814105679,F
qat,2016,NG,376.7647288962918,F
qat,2017,NG,383.9953291320822,F
qat,2018,NG,411.1187483676706,F
qat,2019,NG,387.08969386972785,F
qat,2020,NG,403.56964304402163,F
qat,2021,NG,226.84588753608972,F
qat,2022,NG,238.17141221757413,F
qat,2023,NG,261.7316002531506,F
qat,2024,NG,269.78020809000407,F
qat,2025,NG,285.76262289995094,F
qat,2026,NG,302.34209291489975,F
qat,2027,NG,324.20600763684206,F
qat,2028,NG,341.5725188382344,F
qat,2029,NG,367.90775841356015,F
qat,2030,NG,394.4699277383209,F
kuw,2015,HFO,157.6,F
kuw,2015,diesel,53.353594845090825,F
kuw,2015,NG,400.0,F
kuw,2015,Arablight,27.15,F
kuw,2016,HFO,163.904,F
kuw,2016,diesel,43.67911755329341,F
kuw,2016,NG,440.00000000000006,F
kuw,2016,Arablight,28.236,F
kuw,2017,HFO,157.6,F
kuw,2017,diesel,45.42430036762357,F
kuw,2017,NG,480.0,F
kuw,2017,Arablight,27.15,F
kuw,2018,HFO,160.752,F
kuw,2018,diesel,78.69164679307652,F
kuw,2018,NG,480.0,F
kuw,2018,Arablight,27.692999999999998,F
kuw,2019,NG,757.4138524226178,F
kuw,2020,NG,790.3073356776321,F
kuw,2021,NG,487.25746200000003,F
kuw,2022,NG,405.05472760357526,F
kuw,2023,NG,435.4899602772865,F
kuw,2024,NG,464.6508826102869,F
kuw,2025,NG,495.45261593822727,F
kuw,2026,NG,468.88464348162523,F
kuw,2027,NG,464.56507397551854,F
kuw,2028,NG,452.81630567257866,F
kuw,2029,NG,433.9682705204149,F
kuw,2030,NG,413.78876187875903,F
bah,2015,NG,128.72424337809395,F
bah,2016,NG,137.30862359009438,F
bah,2017,NG,143.03452190963108,F
bah,2018,NG,148.76042022916786,F
bah,2019,NG,155.51082235382887,F
bah,2020,NG,160.74024542135555,F
bah,2021,NG,168.1658939093253,F
bah,2022,NG,158.58031055125608,F
bah,2023,NG,164.59730689329336,F
bah,2024,NG,169.22240144525995,F
bah,2025,NG,174.11514552977323,F
bah,2026,NG,179.28214527596813,F
bah,2027,NG,185.03722279670941,F
bah,2028,NG,192.9871227816487,F
bah,2029,NG,199.19565765598892,F
bah,2030,NG,207.13131759453634,F
omn,2015,NG,281.7467875703302,F
omn,2016,NG,299.50930375081975,F
omn,2017,NG,308.74528164247124,F
omn,2018,NG,320.5869590961301,F
omn,2019,NG,335.1651460664551,F
omn,2020,NG,290.49445832107085,F
omn,2021,NG,202.711642738909,F
omn,2022,NG,194.34487257877677,F
omn,2023,NG,134.51066974092845,F
omn,2023,Coal,95.85031726577634,F
omn,2024,NG,143.3639077055516,F
omn,2024,Coal,97.33431409718803,F
omn,2025,NG,117.31355768890947,F
omn,2025,Coal,91.77571320666848,F
omn,2026,NG,109.47545313671708,F
omn,2026,Coal,90.14810824838054,F
omn,2027,NG,89.28186351616426,F
omn,2027,Coal,83.11619452339158,F
omn,2028,NG,83.46317659350719,F
omn,2028,Coal,80.26964856985069,F
omn,2029,NG,80.69129621207719,F
omn,2029,Coal,79.23722585975244,F
omn,2030,NG,77.52023154874323,F
omn,2030,Coal,78.35167005093604,F
ksa,2015,HFO,390.5919,G
ksa,2015,diesel,451.5337242,G
ksa,2015,NG,1250.51076156,G
ksa,2015,Arablight,1447.5689306011434,G
ksa,2016,HFO,624.94704,G
ksa,2016,diesel,397.349677296,G
ksa,2016,NG,1375.561837716,G
ksa,2016,Arablight,1363.2265429306306,G
ksa,2017,HFO,898.3613699999999,G
ksa,2017,diesel,370.25765384400006,G
ksa,2017,NG,1451.7552292015348,G
ksa,2017,Arablight,937.1815838218831,G
ksa,2018,HFO,1015.5389399999999,G
ksa,2018,diesel,343.165630392,G
ksa,2018,NG,1550.7823877634507,G
ksa,2018,Arablight,834.0287851626106,G
ksa,2019,NG,2455.3628050600832,G
ksa,2019,Arablight,1188.7689090001866,G
ksa,2020,NG,2750.901348696653,G
ksa,2020,Arablight,896.3437072373899,G
ksa,2021,NG,3035.494309429686,G
ksa,2022,NG,3105.3386189213793,G
ksa,2023,NG,3263.729290377566,G
ksa,2024,NG,3450.8449329515506,G
ksa,2025,NG,3625.1497661811627,G
ksa,2026,NG,3796.7019747461263,G
ksa,2027,NG,4000.0296889759798,G
ksa,2028,NG,4225.898268576263,G
ksa,2029,NG,4412.48325976521,G
ksa,2030,NG,4612.857382150322,G
uae,2015,NG,1137.5190043479602,G
uae,2016,NG,1183.7434571153142,G
uae,2017,NG,1245.5594567236342,G
uae,2018,NG,1301.6718033038892,G
uae,2019,NG,1315.330751348986,G
uae,2020,NG,1375.4820676165314,G
uae,2021,NG,701.7405296608713,G
uae,2022,NG,569.9497361666083,G
uae,2022,Coal,120.94433287899524,G
uae,2023,NG,680.1211937160814,G
uae,2023,Coal,50.05536415653959,G
uae,2024,NG,645.4534717011035,G
uae,2024,Coal,119.94282524812387,G
uae,2025,NG,699.0025527033484,G
uae,2025,Coal,120.43661640370345,G
uae,2026,NG,747.9608559180514,G
uae,2026,Coal,120.57711571093157,G
uae,2027,NG,805.6362797712659,G
uae,2027,Coal,118.64252740068699,G
uae,2028,NG,864.4392808612606,G
uae,2028,Arablight,3.7670064682693835e-07,G
uae,2028,Coal,116.65196991333343,G
uae,2029,NG,928.5580512920387,G
uae,2029,Coal,114.42269762509366,G
uae,2030,NG,985.7756702263255,G
uae,2030,Coal,114.16439582605776,G
qat,2015,NG,351.1149814105679,G
qat,2016,NG,376.7647288962918,G
qat,2017,NG,383.9953291320822,G
qat,2018,NG,411.1187483676706,G
qat,2019,NG,386.9214219041318,G
qat,2020,NG,403.34585504369625,G
qat,2021,NG,272.69201052084895,G
qat,2022,NG,280.228358632855,G
qat,2023,NG,302.2206539662529,G
qat,2024,NG,323.7707742734917,G
qat,2025,NG,346.9953821489229,G
qat,2026,NG,370.07878909554665,G
qat,2027,NG,393.33784171667696,G
qat,2028,NG,417.8135631989768,G
qat,2029,NG,444.73475509614457,G
qat,2030,NG,470.34877277290747,G
kuw,2015,HFO,157.6,G
kuw,2015,diesel,53.353594845090825,G
kuw,2015,NG,400.0,G
kuw,2015,Arablight,27.15,G
kuw,2016,HFO,163.904,G
kuw,2016,diesel,43.67911755329341,G
kuw,2016,NG,440.00000000000006,G
kuw,2016,Arablight,28.236,G
kuw,2017,HFO,157.6,G
kuw,2017,diesel,45.42430036762357,G
kuw,2017,NG,480.0,G
kuw,2017,Arablight,27.15,G
kuw,2018,HFO,160.752,G
kuw,2018,diesel,78.69164679307652,G
kuw,2018,NG,480.0,G
kuw,2018,Arablight,27.692999999999998,G
kuw,2019,NG,755.5592230094293,G
kuw,2020,NG,787.4365085585591,G
kuw,2021,NG,495.70953800520846,G
kuw,2022,NG,414.21110813182986,G
kuw,2023,NG,237.22159643753605,G
kuw,2023,Coal,280.21264868191247,G
kuw,2024,NG,239.35188249548162,G
kuw,2024,Coal,320.65769281831535,G
kuw,2025,NG,241.34236820445457,G
kuw,2025,Coal,361.27452321124423,G
kuw,2026,NG,243.45110314618105,G
kuw,2026,Coal,402.32959367614774,G
kuw,2027,NG,245.7304417039254,G
kuw,2027,Coal,449.4231140567409,G
kuw,2028,NG,248.00210125964958,G
kuw,2028,Coal,497.1683669430748,G
kuw,2029,NG,250.44449140074386,G
kuw,2029,Coal,550.905822832342,G
kuw,2030,NG,255.58038992146018,G
kuw,2030,Coal,600.9928447424076,G
bah,2015,NG,128.72424337809395,G
bah,2016,NG,137.30862359009438,G
bah,2017,NG,143.03452190963108,G
bah,2018,NG,148.76042022916786,G
bah,2019,NG,155.9812275686763,G
bah,2020,NG,161.81017369185926,G
bah,2021,NG,169.1694681942572,G
bah,2022,NG,162.26990321109258,G
bah,2023,NG,168.28689956354106,G
bah,2024,NG,172.9119941050368,G
bah,2025,NG,177.8047381893649,G
bah,2026,NG,182.97173793574734,G
bah,2027,NG,188.72681545649314,G
bah,2028,NG,196.67671544143894,G
bah,2029,NG,202.88525031579482,G
bah,2030,NG,210.82091025426226,G
omn,2015,NG,281.7467875703302,G
omn,2016,NG,299.50930375081975,G
omn,2017,NG,308.74528164247124,G
omn,2018,NG,320.5869590961301,G
omn,2019,NG,335.1651460664553,G
omn,2020,NG,290.4944583210709,G
omn,2021,NG,209.30502612081727,G
omn,2022,NG,200.40199568740613,G
omn,2023,NG,45.552881878397876,G
omn,2023,Coal,234.42830589796057,G
omn,2024,NG,47.611886867082575,G
omn,2024,Coal,247.15331745263578,G
omn,2025,NG,50.06510845716907,G
omn,2025,Coal,262.2688962818774,G
omn,2026,NG,52.12260577629781,G
omn,2026,Coal,275.0098233772728,G
omn,2027,NG,51.855569057204974,G
omn,2027,Coal,294.035723653565,G
omn,2028,NG,51.66799905599155,G
omn,2028,Coal,315.87454823033556,G
omn,2029,NG,51.48200126853522,G
omn,2029,Coal,334.76513636044115,G
omn,2030,NG,52.120860568553894,G
omn,2030,Coal,355.3922333495292,G
ksa,2015,HFO,390.5919,H
ksa,2015,diesel,451.5337242,H
ksa,2015,NG,1250.51076156,H
ksa,2015,Arablight,1447.5689306011434,H
ksa,2016,HFO,624.94704,H
ksa,2016,diesel,397.349677296,H
ksa,2016,NG,1375.561837716,H
ksa,2016,Arablight,1363.2265429306306,H
ksa,2017,HFO,898.3613699999999,H
ksa,2017,diesel,370.25765384400006,H
ksa,2017,NG,1451.7552292015348,H
ksa,2017,Arablight,937.1815838218831,H
ksa,2018,HFO,1015.5389399999999,H
ksa,2018,diesel,343.165630392,H
ksa,2018,NG,1550.7823877634507,H
ksa,2018,Arablight,834.0287851626106,H
ksa,2019,NG,2449.928570233625,H
ksa,2019,Arablight,897.3761050746663,H
ksa,2020,NG,2757.419168437275,H
ksa,2020,Arablight,578.0965673259179,H
ksa,2021,NG,3033.8464126894696,H
ksa,2022,NG,3069.1410031554747,H
ksa,2023,NG,3193.0989145844537,H
ksa,2024,NG,3386.14610695737,H
ksa,2025,NG,3555.498406907102,H
ksa,2026,NG,3773.203337436343,H
ksa,2027,NG,3973.394418452667,H
ksa,2028,NG,4185.625666844408,H
ksa,2029,NG,4360.053496538367,H
ksa,2030,NG,4547.976184339979,H
uae,2015,NG,1137.5190043479602,H
uae,2016,NG,1183.7434571153142,H
uae,2017,NG,1245.5594567236342,H
uae,2018,NG,1301.6718033038892,H
uae,2019,NG,1371.2500630633676,H
uae,2020,NG,1439.648215536964,H
uae,2021,NG,610.2679775331943,H
uae,2022,NG,623.4708363917846,H
uae,2022,Coal,31.89604700460414,H
uae,2023,NG,681.1631797146857,H
uae,2023,Coal,23.798699651448377,H
uae,2024,NG,703.7231489244257,H
uae,2024,Coal,45.9485780719296,H
uae,2025,NG,744.5845259425283,H
uae,2025,Coal,45.14534826446592,H
uae,2026,NG,781.2909954580706,H
uae,2026,Coal,44.52701252005509,H
uae,2027,NG,821.9515888060569,H
uae,2027,Coal,40.406284568715705,H
uae,2028,NG,868.882177801001,H
uae,2028,Coal,29.88509154152894,H
uae,2029,NG,927.6206624939705,H
uae,2029,Coal,0.9169611743571147,H
uae,2030,NG,966.07091870126,H
uae,2030,Coal,1.4649147895342542,H
qat,2015,NG,351.1149814105679,H
qat,2016,NG,376.7647288962918,H
qat,2017,NG,383.9953291320822,H
qat,2018,NG,411.1187483676706,H
qat,2019,NG,447.7976568970113,H
qat,2020,NG,479.253527594852,H
qat,2021,NG,161.9779135890808,H
qat,2022,NG,213.2799591395259,H
qat,2023,NG,291.29150751407934,H
qat,2024,NG,304.7821663414746,H
qat,2025,NG,321.73882988925743,H
qat,2026,NG,347.0520625695218,H
qat,2027,NG,364.3077408757759,H
qat,2028,NG,377.71813503233636,H
qat,2029,NG,404.88136396337313,H
qat,2030,NG,433.1114458977771,H
kuw,2015,HFO,157.6,H
kuw,2015,diesel,53.353594845090825,H
kuw,2015,NG,400.0,H
kuw,2015,Arablight,27.15,H
kuw,2016,HFO,163.904,H
kuw,2016,diesel,43.67911755329341,H
kuw,2016,NG,440.00000000000006,H
kuw,2016,Arablight,28.236,H
kuw,2017,HFO,157.6,H
kuw,2017,diesel,45.42430036762357,H
kuw,2017,NG,480.0,H
kuw,2017,Arablight,27.15,H
kuw,2018,HFO,160.752,H
kuw,2018,diesel,78.69164679307652,H
kuw,2018,NG,480.0,H
kuw,2018,Arablight,27.692999999999998,H
kuw,2019,NG,836.6696029793593,H
kuw,2020,NG,871.9174019271206,H
kuw,2021,NG,484.37316353436984,H
kuw,2022,NG,374.1679734420686,H
kuw,2023,NG,404.4262929084532,H
kuw,2024,NG,412.0202657185597,H
kuw,2025,NG,433.63724963567694,H
kuw,2026,NG,412.7059889458135,H
kuw,2027,NG,398.97307608895363,H
kuw,2028,NG,378.17003253055486,H
kuw,2029,NG,330.31169381040564,H
kuw,2030,NG,311.70670210744095,H
bah,2015,NG,128.72424337809395,H
bah,2016,NG,137.30862359009438,H
bah,2017,NG,143.03452190963108,H
bah,2018,NG,148.76042022916786,H
bah,2019,NG,204.19120365638625,H
bah,2020,NG,210.18302763808663,H
bah,2021,NG,217.19657773067505,H
bah,2022,NG,170.77051117600695,H
bah,2023,NG,187.28217722794216,H
bah,2024,NG,195.00514420350527,H
bah,2025,NG,200.9796605229405,H
bah,2026,NG,205.95662462706798,H
bah,2027,NG,210.9332257529852,H
bah,2028,NG,213.17010032295144,H
bah,2029,NG,214.99411173044666,H
bah,2030,NG,218.17023132987325,H
omn,2015,NG,281.7467875703302,H
omn,2016,NG,299.50930375081975,H
omn,2017,NG,308.74528164247124,H
omn,2018,NG,320.5869590961301,H
omn,2019,NG,352.7557827829462,H
omn,2020,NG,309.81219804690545,H
omn,2021,NG,206.0410523988496,H
omn,2022,NG,173.0698313602645,H
omn,2023,NG,117.81350063372754,H
omn,2023,Coal,89.3251646735695,H
omn,2024,NG,126.27306579270959,H
omn,2024,Coal,90.64296862583944,H
omn,2025,NG,105.6654428875106,H
omn,2025,Coal,86.37437465178502,H
omn,2026,NG,99.28631432085896,H
omn,2026,Coal,84.30033418340635,H
omn,2027,NG,87.42213777487244,H
omn,2027,Coal,78.78800519925115,H
omn,2028,NG,80.81171104108152,H
omn,2028,Coal,76.28931300508194,H
omn,2029,NG,59.44761522646057,H
omn,2029,Coal,70.46168952776695,H
omn,2030,NG,57.65333316957852,H
omn,2030,Coal,69.72754764774682,H
